{
    "performance_metrics": {
        "accuracy": 0.7523870146403565,
        "precision": 0.7304909560723514,
        "recall": 0.7998302447305136,
        "f1_score": 0.763589708960767,
        "auc_roc": 0.8301737490403245
    },
    "feature_importance": {
        "HighBP": 0.15552598237991333,
        "HighChol": 0.02095223031938076,
        "CholCheck": 0.04216807708144188,
        "BMI": 0.0304022915661335,
        "Smoker": 0.010857699438929558,
        "Stroke": 0.0178665854036808,
        "HeartDiseaseorAttack": 0.012914878316223621,
        "PhysActivity": 0.009993690066039562,
        "Fruits": 0.008248315192759037,
        "Veggies": 0.010705308988690376,
        "HvyAlcoholConsump": 0.034936800599098206,
        "AnyHealthcare": 0.009107670746743679,
        "NoDocbcCost": 0.00891959946602583,
        "GenHlth": 0.08441381901502609,
        "MentHlth": 0.010114760138094425,
        "PhysHlth": 0.012136992067098618,
        "DiffWalk": 0.016603579744696617,
        "Sex": 0.019615327939391136,
        "Age": 0.01834869012236595,
        "Education": 0.012144736014306545,
        "Income": 0.015298113226890564,
        "BMI_Category": 0.023081479594111443,
        "Age_Category": 0.0,
        "HealthRiskScore": 0.33185654878616333,
        "LifestyleScore": 0.010273545049130917,
        "BMI_Age": 0.04724537953734398,
        "BP_Cholesterol": 0.026267895475029945
    }
}