{
  "accuracy": 0.6714838850411736,
  "precision_macro": 0.842153263809093,
  "recall_macro": 0.914186845076549,
  "f1_macro": 0.87260810054607,
  "auc_roc_macro": 0.9872720859230678,
  "per_class": {
    "Cardiomegaly": {
      "precision": 0.8004115226337448,
      "recall": 0.9486152238286013,
      "f1": 0.8682343563172579,
      "auc": 0.972777264304619
    },
    "Lung Opacity": {
      "precision": 0.9431503502199056,
      "recall": 0.9791983764586504,
      "f1": 0.9608363757052771,
      "auc": 0.9964628642467529
    },
    "Lung Lesion": {
      "precision": 0.8623417721518988,
      "recall": 0.9461805555555556,
      "f1": 0.902317880794702,
      "auc": 0.9970190617395166
    },
    "Edema": {
      "precision": 0.7604056623705895,
      "recall": 0.9599893304881302,
      "f1": 0.848620608347088,
      "auc": 0.9652214998855742
    },
    "Consolidation": {
      "precision": 0.8288113695090439,
      "recall": 0.9324127906976745,
      "f1": 0.8775649794801642,
      "auc": 0.9952676146234248
    },
    "Pneumonia": {
      "precision": 0.4893162393162393,
      "recall": 0.2775757575757576,
      "f1": 0.354215003866976,
      "auc": 0.9596159170508187
    },
    "Atelectasis": {
      "precision": 0.8581833761782348,
      "recall": 0.9677886938315349,
      "f1": 0.9096964650669896,
      "auc": 0.981407678168256
    },
    "Pneumothorax": {
      "precision": 0.8672787979966611,
      "recall": 0.9885823025689819,
      "f1": 0.9239662072032014,
      "auc": 0.9975526743068672
    },
    "Pleural Effusion": {
      "precision": 0.8751989389920425,
      "recall": 0.9939749962343727,
      "f1": 0.930813174412864,
      "auc": 0.9732336516598593
    },
    "Pleural Other": {
      "precision": 0.7789855072463768,
      "recall": 0.947136563876652,
      "f1": 0.8548707753479126,
      "auc": 0.9983346995964455
    },
    "Fracture": {
      "precision": 0.9288321167883211,
      "recall": 0.9788461538461538,
      "f1": 0.9531835205992509,
      "auc": 0.9993758122104643
    },
    "Support Devices": {
      "precision": 0.9832682654768544,
      "recall": 0.9912847905538376,
      "f1": 0.9872602547949041,
      "auc": 0.9987110514529836
    },
    "No Finding": {
      "precision": 0.9718085106382979,
      "recall": 0.9728434504792333,
      "f1": 0.9723257051623204,
      "auc": 0.9995573277542977
    }
  },
  "classification_report": {
    "Cardiomegaly": {
      "precision": 0.8004115226337448,
      "recall": 0.9486152238286013,
      "f1-score": 0.8682343563172579,
      "support": 5741.0
    },
    "Lung Opacity": {
      "precision": 0.9431503502199056,
      "recall": 0.9791983764586504,
      "f1-score": 0.9608363757052771,
      "support": 5913.0
    },
    "Lung Lesion": {
      "precision": 0.8623417721518988,
      "recall": 0.9461805555555556,
      "f1-score": 0.902317880794702,
      "support": 576.0
    },
    "Edema": {
      "precision": 0.7604056623705895,
      "recall": 0.9599893304881302,
      "f1-score": 0.848620608347088,
      "support": 3749.0
    },
    "Consolidation": {
      "precision": 0.8288113695090439,
      "recall": 0.9324127906976745,
      "f1-score": 0.8775649794801642,
      "support": 1376.0
    },
    "Pneumonia": {
      "precision": 0.4893162393162393,
      "recall": 0.2775757575757576,
      "f1-score": 0.354215003866976,
      "support": 825.0
    },
    "Atelectasis": {
      "precision": 0.8581833761782348,
      "recall": 0.9677886938315349,
      "f1-score": 0.9096964650669896,
      "support": 6209.0
    },
    "Pneumothorax": {
      "precision": 0.8672787979966611,
      "recall": 0.9885823025689819,
      "f1-score": 0.9239662072032014,
      "support": 1051.0
    },
    "Pleural Effusion": {
      "precision": 0.8751989389920425,
      "recall": 0.9939749962343727,
      "f1-score": 0.930813174412864,
      "support": 6639.0
    },
    "Pleural Other": {
      "precision": 0.7789855072463768,
      "recall": 0.947136563876652,
      "f1-score": 0.8548707753479126,
      "support": 227.0
    },
    "Fracture": {
      "precision": 0.9288321167883211,
      "recall": 0.9788461538461538,
      "f1-score": 0.9531835205992509,
      "support": 520.0
    },
    "Support Devices": {
      "precision": 0.9832682654768544,
      "recall": 0.9912847905538376,
      "f1-score": 0.9872602547949041,
      "support": 10671.0
    },
    "No Finding": {
      "precision": 0.9718085106382979,
      "recall": 0.9728434504792333,
      "f1-score": 0.9723257051623204,
      "support": 1878.0
    },
    "micro avg": {
      "precision": 0.8817186932116464,
      "recall": 0.9623801652892562,
      "f1-score": 0.920285349996312,
      "support": 45375.0
    },
    "macro avg": {
      "precision": 0.842153263809093,
      "recall": 0.914186845076549,
      "f1-score": 0.87260810054607,
      "support": 45375.0
    },
    "weighted avg": {
      "precision": 0.8835561743970956,
      "recall": 0.9623801652892562,
      "f1-score": 0.9193781802616855,
      "support": 45375.0
    },
    "samples avg": {
      "precision": 0.8672199326368493,
      "recall": 0.9276164247669945,
      "f1-score": 0.8844256750320992,
      "support": 45375.0
    }
  }
}