{
  "accuracy": 0.0,
  "precision_macro": 0.19256527988256836,
  "recall_macro": 0.46570029331702106,
  "f1_macro": 0.22973015353570705,
  "auc_roc_macro": 0.4742355869794004,
  "per_class": {
    "Cardiomegaly": {
      "precision": 0.36938862761864044,
      "recall": 0.7524821459676014,
      "f1": 0.4955264969029594,
      "auc": 0.6363934459055551
    },
    "Lung Opacity": {
      "precision": 0.2912653881584457,
      "recall": 0.5881955014375105,
      "f1": 0.38960457040439117,
      "auc": 0.3794344636529963
    },
    "Lung Lesion": {
      "precision": 0.017670682730923693,
      "recall": 0.22916666666666666,
      "f1": 0.03281133482475764,
      "auc": 0.3929713061232788
    },
    "Edema": {
      "precision": 0.08062473617560152,
      "recall": 0.2547345958922379,
      "f1": 0.12248300628446838,
      "auc": 0.18351702122851077
    },
    "Consolidation": {
      "precision": 0.12626520805643596,
      "recall": 0.8975290697674418,
      "f1": 0.22138567715335664,
      "auc": 0.7872003171091546
    },
    "Pneumonia": {
      "precision": 0.03786707882534776,
      "recall": 0.5345454545454545,
      "f1": 0.07072407986528746,
      "auc": 0.4246584852637845
    },
    "Atelectasis": {
      "precision": 0.5745953553835327,
      "recall": 0.2630053148655178,
      "f1": 0.360844105623688,
      "auc": 0.7282456556169422
    },
    "Pneumothorax": {
      "precision": 0.11119889393640134,
      "recall": 0.5356803044719315,
      "f1": 0.18416748446189074,
      "auc": 0.7406125667989132
    },
    "Pleural Effusion": {
      "precision": 0.3398517583977291,
      "recall": 0.6491941557463473,
      "f1": 0.4461466797784794,
      "auc": 0.44894439595719055
    },
    "Pleural Other": {
      "precision": 0.008199210446401458,
      "recall": 0.23788546255506607,
      "f1": 0.015852047556142668,
      "auc": 0.41124089934978847
    },
    "Fracture": {
      "precision": 0.052461139896373056,
      "recall": 0.4673076923076923,
      "f1": 0.09433229813664597,
      "auc": 0.6963465100314739
    },
    "Support Devices": {
      "precision": 0.4902326274977632,
      "recall": 0.6161559366507356,
      "f1": 0.5460283187310551,
      "auc": 0.28342422510343823
    },
    "No Finding": {
      "precision": 0.003727931349792502,
      "recall": 0.028221512247071354,
      "f1": 0.0065858962410686546,
      "auc": 0.05207333859117835
    }
  },
  "classification_report": {
    "Cardiomegaly": {
      "precision": 0.36938862761864044,
      "recall": 0.7524821459676014,
      "f1-score": 0.4955264969029594,
      "support": 5741.0
    },
    "Lung Opacity": {
      "precision": 0.2912653881584457,
      "recall": 0.5881955014375105,
      "f1-score": 0.38960457040439117,
      "support": 5913.0
    },
    "Lung Lesion": {
      "precision": 0.017670682730923693,
      "recall": 0.22916666666666666,
      "f1-score": 0.03281133482475764,
      "support": 576.0
    },
    "Edema": {
      "precision": 0.08062473617560152,
      "recall": 0.2547345958922379,
      "f1-score": 0.12248300628446838,
      "support": 3749.0
    },
    "Consolidation": {
      "precision": 0.12626520805643596,
      "recall": 0.8975290697674418,
      "f1-score": 0.22138567715335664,
      "support": 1376.0
    },
    "Pneumonia": {
      "precision": 0.03786707882534776,
      "recall": 0.5345454545454545,
      "f1-score": 0.07072407986528746,
      "support": 825.0
    },
    "Atelectasis": {
      "precision": 0.5745953553835327,
      "recall": 0.2630053148655178,
      "f1-score": 0.360844105623688,
      "support": 6209.0
    },
    "Pneumothorax": {
      "precision": 0.11119889393640134,
      "recall": 0.5356803044719315,
      "f1-score": 0.18416748446189074,
      "support": 1051.0
    },
    "Pleural Effusion": {
      "precision": 0.3398517583977291,
      "recall": 0.6491941557463473,
      "f1-score": 0.4461466797784794,
      "support": 6639.0
    },
    "Pleural Other": {
      "precision": 0.008199210446401458,
      "recall": 0.23788546255506607,
      "f1-score": 0.015852047556142668,
      "support": 227.0
    },
    "Fracture": {
      "precision": 0.052461139896373056,
      "recall": 0.4673076923076923,
      "f1-score": 0.09433229813664597,
      "support": 520.0
    },
    "Support Devices": {
      "precision": 0.4902326274977632,
      "recall": 0.6161559366507356,
      "f1-score": 0.5460283187310551,
      "support": 10671.0
    },
    "No Finding": {
      "precision": 0.003727931349792502,
      "recall": 0.028221512247071354,
      "f1-score": 0.0065858962410686546,
      "support": 1878.0
    },
    "micro avg": {
      "precision": 0.1937776629082803,
      "recall": 0.5287493112947659,
      "f1-score": 0.2836151713784156,
      "support": 45375.0
    },
    "macro avg": {
      "precision": 0.19256527988256836,
      "recall": 0.46570029331702106,
      "f1-score": 0.22973015353570705,
      "support": 45375.0
    },
    "weighted avg": {
      "precision": 0.3431086925963292,
      "recall": 0.5287493112947659,
      "f1-score": 0.3807671232567456,
      "support": 45375.0
    },
    "samples avg": {
      "precision": 0.18812584393786336,
      "recall": 0.48777205597841466,
      "f1-score": 0.2590633795026874,
      "support": 45375.0
    }
  }
}